player_id,name,player_club,age,position,market_value,nationality,player_height,player_agent,strong_foot,contract_value_time
238223,Ederson,Man City,31.0,Goalkeeper,25000.0,Brazil,1.88,Gestifute,left,2026.0
85941,Stefan Ortega,Man City,32.0,Goalkeeper,9000.0,Germany,1.85,,right,2026.0
14555,Scott Carson,Man City,39.0,Goalkeeper,200.0,England,1.88,Wasserman,right,2025.0
262749,David Raya,Arsenal,29.0,Goalkeeper,40000.0,Spain,1.83,,right,2028.0
111819,Neto,Arsenal,35.0,Goalkeeper,2000.0,Brazil,1.9,Bertolucci Sports,right,2025.0
105470,Alisson,Liverpool,32.0,Goalkeeper,25000.0,Brazil,1.93,,right,2027.0
340918,Caoimhín Kelleher,Liverpool,26.0,Goalkeeper,22000.0,Ireland,1.88,ROOF,right,2026.0
486604,Vitezslav Jaros,Liverpool,23.0,Goalkeeper,5000.0,Czech Republic,1.9,SPORT INVEST,right,2026.0
706815,Harvey Davies,Liverpool,21.0,Goalkeeper,500.0,England,1.9,Unique Sports Group,left,2025.0
403151,Robert Sánchez,Chelsea,27.0,Goalkeeper,20000.0,Spain,1.97,CAA Stellar,right,2030.0
116648,Marcus Bettinelli,Chelsea,32.0,Goalkeeper,800.0,England,1.93,Refuel Performance ...,right,2026.0
490606,Lucas Bergström,Chelsea,22.0,Goalkeeper,700.0,Finland,2.05,CAA Stellar,right,2025.0
286047,Guglielmo Vicario,Tottenham,28.0,Goalkeeper,35000.0,Italy,1.94,GG11,right,2028.0
725912,Antonín Kinský,Tottenham,22.0,Goalkeeper,15000.0,Czech Republic,1.9,SPORT INVEST,right,2031.0
52570,Fraser Forster,Tottenham,37.0,Goalkeeper,1200.0,England,2.01,CAA Stellar,right,2025.0
428016,Brandon Austin,Tottenham,26.0,Goalkeeper,600.0,England,1.88,Unique Sports Group,right,2029.0
282823,Alfie Whiteman,Tottenham,26.0,Goalkeeper,500.0,England,1.88,,right,2025.0
234509,André Onana,Man Utd,29.0,Goalkeeper,32000.0,Cameroon,1.9,LIAN Sports Group,right,2028.0
336077,Altay Bayındır,Man Utd,27.0,Goalkeeper,10000.0,Türkiye,1.98,,right,2027.0
34130,Tom Heaton,Man Utd,39.0,Goalkeeper,250.0,England,1.88,,right,2025.0
192080,Nick Pope,Newcastle,33.0,Goalkeeper,10000.0,England,1.98,CAA Stellar,right,2026.0
124419,Odysseas Vlachodimos,Newcastle,31.0,Goalkeeper,7000.0,Greece,1.91,,right,
74960,Martin Dúbravka,Newcastle,36.0,Goalkeeper,1000.0,Slovakia,1.91,Current international:,right,2026.0
142389,Mark Gillespie,Newcastle,33.0,Goalkeeper,300.0,England,1.91,SMI Sports ...,right,2025.0
29712,John Ruddy,Newcastle,38.0,Goalkeeper,200.0,England,1.92,Wasserman,right,2025.0
111873,Emiliano Martínez,Aston Villa,32.0,Goalkeeper,25000.0,Argentina,1.95,Universal Twenty Two,right,2029.0
75458,Robin Olsen,Aston Villa,35.0,Goalkeeper,1500.0,Sweden,1.96,HCM Sports ...,right,2025.0
565093,Bart Verbruggen,Brighton,22.0,Goalkeeper,25000.0,Netherlands,1.94,,right,2028.0
646353,Carl Rushworth,Brighton,23.0,Goalkeeper,3000.0,England,1.91,,"
                            Jul 1, 2023                        ",2027.0
73564,Jason Steele,Brighton,34.0,Goalkeeper,2000.0,England,1.88,,right,2026.0
406556,Tom McGill,Brighton,25.0,Goalkeeper,600.0,Canada,1.85,,right,2027.0
120629,Alphonse Areola,West Ham,32.0,Goalkeeper,10000.0,France,1.95,Rafaela Pimenta,right,2027.0
61697,Wes Foderingham,West Ham,34.0,Goalkeeper,900.0,England,1.85,CAA Stellar,left,2026.0
29692,Lukasz Fabianski,West Ham,40.0,Goalkeeper,700.0,Poland,1.9,ROOF,right,2025.0
127202,Matz Sels,Forest,33.0,Goalkeeper,7000.0,Belgium,1.88,,right,2027.0
641458,Carlos Miguel,Forest,26.0,Goalkeeper,4000.0,Brazil,2.04,,left,2028.0
45494,Wayne Hennessey,Forest,38.0,Goalkeeper,175.0,Wales,1.98,CAA Stellar,right,2025.0
258919,Dean Henderson,Crystal Palace,28.0,Goalkeeper,15000.0,England,1.88,CAA Stellar,right,2028.0
425306,Matt Turner,Crystal Palace,30.0,Goalkeeper,4000.0,United States,1.91,Wasserman,right,2025.0
196722,Remi Matthews,Crystal Palace,31.0,Goalkeeper,500.0,England,1.92,Two Touch Agency,right,2025.0
192279,Kepa Arrizabalaga,Bournemouth,30.0,Goalkeeper,11000.0,Spain,1.88,AC Talent,right,2025.0
582078,Will Dennis,Bournemouth,24.0,Goalkeeper,350.0,England,1.88,,"
                            Jul 1, 2021                        ",2028.0
125714,Mark Flekken,Brentford,31.0,Goalkeeper,10000.0,Netherlands,1.95,SEG,both,2027.0
488935,Hákon Rafn Valdimarsson,Brentford,23.0,Goalkeeper,2500.0,Iceland,1.95,CAA Stellar,right,2028.0
249994,José Sá,Wolves,32.0,Goalkeeper,8000.0,Portugal,1.92,Gestifute,right,2027.0
110864,Sam Johnstone,Wolves,32.0,Goalkeeper,8000.0,England,1.93,Unique Sports Group,right,2028.0
136401,Daniel Bentley,Wolves,31.0,Goalkeeper,2000.0,England,1.93,Unique Sports Group,"
                            Jan 25, 2023                        ",2027.0
215810,Tom King,Wolves,30.0,Goalkeeper,200.0,Wales,1.94,,right,2027.0
130164,Jordan Pickford,Everton,31.0,Goalkeeper,20000.0,England,1.85,CAA Stellar,left,2027.0
329813,João Virgínia,Everton,25.0,Goalkeeper,800.0,Portugal,1.92,Gestifute,left,2025.0
33873,Asmir Begovic,Everton,37.0,Goalkeeper,300.0,Bosnia-Herzegovina,1.99,Refuel Performance ...,right,2025.0
72476,Bernd Leno,Fulham,33.0,Goalkeeper,11000.0,Germany,1.9,,right,2027.0
381469,Steven Benda,Fulham,26.0,Goalkeeper,1000.0,Germany,1.92,,right,2026.0
371021,Arijanet Muric,Ipswich,26.0,Goalkeeper,6000.0,Kosovo,1.98,WINS,right,2028.0
208379,Christian Walton,Ipswich,29.0,Goalkeeper,1500.0,England,1.95,Refuel Performance ...,left,2026.0
245625,Alex Palmer,Ipswich,28.0,Goalkeeper,1200.0,England,1.91,,right,2028.0
427568,Aaron Ramsdale,Southampton,27.0,Goalkeeper,16000.0,England,1.9,,right,2028.0
585550,Gavin Bazunu,Southampton,23.0,Goalkeeper,11000.0,Ireland,1.88,,right,2027.0
336367,Joe Lumley,Southampton,30.0,Goalkeeper,600.0,England,1.9,Unique Sports Group,right,2025.0
95976,Alex McCarthy,Southampton,35.0,Goalkeeper,500.0,England,1.93,,right,2026.0
400536,Mads Hermansen,Leicester,24.0,Goalkeeper,15000.0,Denmark,1.87,,right,2028.0
260841,Daniel Iversen,Leicester,27.0,Goalkeeper,3000.0,Denmark,1.93,,right,2025.0
203026,Danny Ward,Leicester,31.0,Goalkeeper,1500.0,Wales,1.91,CAA Stellar,right,2025.0
486144,Jakub Stolarczyk,Leicester,24.0,Goalkeeper,400.0,Poland,1.94,Two Touch Agency,right,2026.0
566799,James Trafford,Burnley,22.0,Goalkeeper,20000.0,England,1.92,CAA Stellar,right,2027.0
696849,Etienne Green,Burnley,24.0,Goalkeeper,700.0,England,1.91,,right,2027.0
95795,Vaclav Hladky,Burnley,34.0,Goalkeeper,350.0,Czech Republic,1.92,,right,2026.0
542586,Illan Meslier,Leeds,25.0,Goalkeeper,16000.0,France,1.97,,left,2026.0
99397,Karl Darlow,Leeds,34.0,Goalkeeper,250.0,Wales,1.9,Unique Sports Group,right,2026.0
194386,Alex Cairns,Leeds,32.0,Goalkeeper,150.0,England,1.83,Refuel Performance ...,right,2026.0
475946,Anthony Patterson,Sunderland,25.0,Goalkeeper,12000.0,England,1.89,,right,2028.0
696892,Blondy Nna Noukeu,Sunderland,23.0,Goalkeeper,150.0,Cameroon,1.95,,right,2026.0
123536,Simon Moore,Sunderland,35.0,Goalkeeper,150.0,England,1.91,Wasserman,right,2026.0
533078,Michael Cooper,Sheff Utd,25.0,Goalkeeper,7000.0,England,1.86,Unique Sports Group,right,
121254,Adam Davies,Sheff Utd,32.0,Goalkeeper,400.0,Wales,1.85,Refuel Performance ...,right,2026.0
201574,Angus Gunn,Norwich,29.0,Goalkeeper,2500.0,Scotland,1.96,,right,2025.0
151334,George Long,Norwich,31.0,Goalkeeper,400.0,England,1.93,Wasserman,"
                            Aug 17, 2023                        ",2027.0
662744,Vicente Reyes,Norwich,21.0,Goalkeeper,350.0,Chile,1.96,,right,2027.0
504042,Daniel Barden,Norwich,24.0,Goalkeeper,150.0,Wales,1.95,,"
                            Jul 1, 2020                        ",2026.0
77757,Thomas Kaminski,Luton,32.0,Goalkeeper,2500.0,Belgium,1.9,TEAM KAMINSKI,"
                            Aug 3, 2023                        ",
91340,James Shea,Luton,33.0,Goalkeeper,175.0,England,1.85,,"
                            Jul 3, 2017                        ",2025.0
527329,Oliver Dovin,Coventry,22.0,Goalkeeper,2500.0,Sweden,1.88,CAA Stellar,right,2028.0
258914,Brad Collins,Coventry,28.0,Goalkeeper,1200.0,England,1.84,,right,2026.0
121352,Ben Wilson,Coventry,32.0,Goalkeeper,700.0,England,1.86,Wasserman,right,2027.0
547040,Cian Tyler,Coventry,23.0,Goalkeeper,50.0,Wales,1.88,,"
                            Jul 1, 2023                        ",2025.0
565979,Josh Griffiths,West Brom,23.0,Goalkeeper,1000.0,England,1.97,Unique Sports Group,right,2027.0
319851,Joe Wildsmith,West Brom,29.0,Goalkeeper,500.0,England,1.89,,right,2026.0
371013,Ivor Pandur,Hull City,25.0,Goalkeeper,2000.0,Croatia,1.87,,right,2027.0
655877,Thimothée Lo-Tutala,Hull City,22.0,Goalkeeper,350.0,France,1.91,Refuel Performance ...,right,2028.0
273742,Viktor Johansson,Stoke City,26.0,Goalkeeper,7000.0,Sweden,1.87,A.M.A. Sports Agency,"
                            Jul 1, 2024                        ",2027.0
209291,Jack Bonham,Stoke City,31.0,Goalkeeper,400.0,Ireland,1.92,Refuel Performance ...,right,2026.0
57070,Frank Fielding,Stoke City,37.0,Goalkeeper,150.0,England,1.85,Refuel Performance ...,right,2026.0
354456,Aynsley Pears,Blackburn,27.0,Goalkeeper,1200.0,England,1.85,CAA Stellar,right,2027.0
400044,Balázs Tóth,Blackburn,27.0,Goalkeeper,900.0,Hungary,1.89,,right,2027.0
189744,Paul Nardi,QPR,31.0,Goalkeeper,2000.0,France,1.88,,right,
690548,Joe Walsh,QPR,23.0,Goalkeeper,150.0,England,1.93,Refuel Performance ...,right,
505040,Nathan Shepperd,QPR,24.0,Goalkeeper,100.0,Wales,1.87,,"
                            Sep 13, 2024                        ",2025.0
128895,Jak Alnwick,Cardiff,31.0,Goalkeeper,400.0,England,1.87,Refuel Performance ...,left,2026.0
559805,Matthew Turner,Cardiff,23.0,Goalkeeper,50.0,Wales,1.94,,right,2026.0
120186,Daniel Bachmann,Watford,30.0,Goalkeeper,2000.0,Austria,1.91,,right,2028.0
380744,Egil Selvik,Watford,27.0,Goalkeeper,1700.0,Norway,1.92,Golden Sports Mgmt,left,2028.0
296582,Max O'Leary,Bristol City,28.0,Goalkeeper,2500.0,Ireland,1.89,,right,2026.0
465836,Stefan Bajic,Bristol City,23.0,Goalkeeper,800.0,France,1.88,Classico,right,2025.0
319306,Lewis Thomas,Bristol City,27.0,Goalkeeper,150.0,Wales,1.85,Refuel Performance ...,right,2025.0
243591,Lawrence Vigouroux,Swansea,31.0,Goalkeeper,450.0,Chile,1.94,Refuel Performance ...,left,2027.0
92983,Jon McLaughlin,Swansea,37.0,Goalkeeper,100.0,Scotland,1.91,Unique Sports Group,"
                            Aug 28, 2024                        ",2025.0
226049,Freddie Woodman,Preston,28.0,Goalkeeper,3500.0,England,1.88,,right,2025.0
89648,David Cornell,Preston,34.0,Goalkeeper,150.0,Wales,1.86,,right,2026.0
581890,Lukas Jensen,Millwall,26.0,Goalkeeper,500.0,Denmark,1.98,OmniSports,right,
249164,Liam Roberts,Millwall,30.0,Goalkeeper,225.0,England,1.95,Unique Sports Group,"
                            Jul 22, 2024                        ",
670860,James Beadle,Sheff Wed,20.0,Goalkeeper,5000.0,England,2.01,Refuel Performance ...,right,2025.0
67283,Ben Hamer,Sheff Wed,37.0,Goalkeeper,150.0,England,1.93,Refuel Performance ...,right,
322770,Conor Hazard,Plymouth,27.0,Goalkeeper,1000.0,Northern Ireland,1.98,Refuel Performance ...,left,2026.0
339253,Daniel Grimshaw,Plymouth,27.0,Goalkeeper,750.0,England,1.85,Unique Sports Group,right,
929694,Zak Baker,Plymouth,20.0,Goalkeeper,100.0,Scotland,1.87,,right,2026.0
549440,Jacob Widell Zetterström,Derby,26.0,Goalkeeper,2500.0,Sweden,1.97,,right,2027.0
242681,Josh Vickers,Derby,29.0,Goalkeeper,250.0,England,1.93,,"
                            Jul 1, 2023                        ",2026.0
703469,Rohan Luthra,Derby,23.0,Goalkeeper,50.0,England,1.92,Refuel Performance ...,"Jun 30, 2025",2025.0
291097,Nicolas Schmid,Portsmouth,28.0,Goalkeeper,600.0,Austria,1.95,CONNEXION,both,2026.0
244970,Ben Killip,Portsmouth,29.0,Goalkeeper,225.0,England,1.88,Refuel Performance ...,right,2025.0
177952,Jordan Archer,Portsmouth,32.0,Goalkeeper,200.0,Scotland,1.9,Unique Sports Group,right,2026.0
932854,Toby Steward,Portsmouth,20.0,Goalkeeper,50.0,England,1.93,,"
                            Jul 1, 2023                        ",2026.0
396859,Jamie Cumming,Oxford United,25.0,Goalkeeper,1200.0,England,1.85,Refuel Performance ...,right,
164499,Matt Ingram,Oxford United,31.0,Goalkeeper,800.0,England,1.91,,left,
49089,Simon Eastwood,Oxford United,35.0,Goalkeeper,50.0,England,1.88,Refuel Performance ...,right,2025.0
607720,Jonas Urbig,Bayern Munich,21.0,Goalkeeper,8000.0,Germany,1.89,ROOF,both,2029.0
17259,Manuel Neuer,Bayern Munich,39.0,Goalkeeper,4000.0,Germany,1.93,PRO Profil GmbH,right,2026.0
468539,Daniel Peretz,Bayern Munich,24.0,Goalkeeper,3000.0,Israel,1.9,,right,2028.0
40680,Sven Ulreich,Bayern Munich,36.0,Goalkeeper,500.0,Germany,1.92,,right,2025.0
550829,Matej Kovar,B. Leverkusen,25.0,Goalkeeper,7000.0,Czech Republic,1.96,SPORT INVEST,right,2027.0
48015,Lukas Hradecky,B. Leverkusen,35.0,Goalkeeper,2000.0,Finland,1.92,,right,2026.0
85543,Niklas Lomb,B. Leverkusen,31.0,Goalkeeper,250.0,Germany,1.86,Dirk Hebel,right,2027.0
486046,Maarten Vandevoordt,RB Leipzig,23.0,Goalkeeper,8000.0,Belgium,1.92,SportPlus,right,2029.0
57071,Péter Gulácsi,RB Leipzig,35.0,Goalkeeper,2500.0,Hungary,1.93,HCM Sports ...,right,2026.0
160971,Leopold Zingerle,RB Leipzig,31.0,Goalkeeper,400.0,Germany,1.82,,right,2026.0
257814,Gregor Kobel,Bor. Dortmund,27.0,Goalkeeper,40000.0,Switzerland,1.96,SBE Management AG,right,2028.0
453737,Marcel Lotka,Bor. Dortmund,23.0,Goalkeeper,1300.0,Germany,1.9,SEG,right,2025.0
76158,Alexander Meyer,Bor. Dortmund,34.0,Goalkeeper,800.0,Germany,1.95,,right,2026.0
684116,Silas Ostrzinski,Bor. Dortmund,21.0,Goalkeeper,200.0,Germany,1.98,,right,2025.0
195778,Alexander Nübel,VfB Stuttgart,28.0,Goalkeeper,12000.0,Germany,1.93,,right,2026.0
800946,Dennis Seimen,VfB Stuttgart,19.0,Goalkeeper,1500.0,Germany,1.92,ROGON,left,2029.0
187624,Fabian Bredlow,VfB Stuttgart,30.0,Goalkeeper,1000.0,Germany,1.9,SEG,both,2026.0
388067,Stefan Drljaca,VfB Stuttgart,26.0,Goalkeeper,325.0,Germany,1.92,CORESPORT,right,2027.0
45672,Kevin Trapp,E. Frankfurt,34.0,Goalkeeper,3000.0,Germany,1.89,Sports360 GmbH,right,2026.0
997861,Kauã Santos,E. Frankfurt,22.0,Goalkeeper,2500.0,Brazil,1.98,,right,2030.0
40034,Jens Grahl,E. Frankfurt,36.0,Goalkeeper,200.0,Germany,1.92,,right,2026.0
346551,Kamil Grabara,VfL Wolfsburg,26.0,Goalkeeper,14000.0,Poland,1.95,BMG-SPORT,right,
118161,Marius Müller,VfL Wolfsburg,31.0,Goalkeeper,1500.0,Germany,1.92,Unique Sports Group,right,
51977,Pavao Pervan,VfL Wolfsburg,37.0,Goalkeeper,300.0,Austria,1.94,,both,2026.0
192268,Niklas Klinger,VfL Wolfsburg,29.0,Goalkeeper,100.0,Germany,1.87,,right,2025.0
55089,Oliver Baumann,TSG Hoffenheim,34.0,Goalkeeper,3000.0,Germany,1.87,CN Sports,right,2026.0
432671,Luca Philipp,TSG Hoffenheim,24.0,Goalkeeper,750.0,Germany,1.92,Unique Sports Group,"
                            Jul 31, 2020                        ",2025.0
203411,Jakob Busk,TSG Hoffenheim,31.0,Goalkeeper,250.0,Denmark,1.89,,right,2025.0
718460,Lúkas Petersson,TSG Hoffenheim,21.0,Goalkeeper,150.0,Iceland,1.95,,"
                            Jul 1, 2024                        ",2027.0
526845,Noah Atubolu,SC Freiburg,22.0,Goalkeeper,15000.0,Germany,1.9,Unique Sports Group,right,
284769,Florian Müller,SC Freiburg,27.0,Goalkeeper,1200.0,Germany,1.9,PRO Profil GmbH,left,
160954,Jannik Huth,SC Freiburg,31.0,Goalkeeper,400.0,Germany,1.85,Sports360 GmbH,right,
160963,Robin Zentner,1.FSV Mainz 05,30.0,Goalkeeper,4000.0,Germany,1.95,,right,2028.0
90317,Daniel Batz,1.FSV Mainz 05,34.0,Goalkeeper,350.0,Germany,1.91,Soccer and more,both,2026.0
490609,Lasse Rieß,1.FSV Mainz 05,23.0,Goalkeeper,200.0,Germany,1.92,ROOF,right,2027.0
247915,Jonas Omlin,Bor. M'gladbach,31.0,Goalkeeper,2500.0,Switzerland,1.9,Signature - ISCM AG,right,2027.0
31653,Tobias Sippel,Bor. M'gladbach,37.0,Goalkeeper,300.0,Germany,1.83,,right,2025.0
926301,Tiago Pereira Cardoso,Bor. M'gladbach,19.0,Goalkeeper,300.0,Luxembourg,1.9,Wasserman,right,
196813,Michael Zetterer,Werder Bremen,29.0,Goalkeeper,4500.0,Germany,1.87,,both,2027.0
99451,Markus Kolke,Werder Bremen,34.0,Goalkeeper,300.0,Germany,1.87,,right,
251299,Finn Dahmen,FC Augsburg,27.0,Goalkeeper,6000.0,Germany,1.86,CN Sports,right,2027.0
610190,Nediljko Labrovic,FC Augsburg,25.0,Goalkeeper,3000.0,Croatia,1.96,GreenField,right,2029.0
392124,Daniel Klein,FC Augsburg,24.0,Goalkeeper,150.0,Germany,1.93,Sport Business ...,right,2026.0
107775,Frederik Rönnow,Union Berlin,32.0,Goalkeeper,4000.0,Denmark,1.88,BTAM,right,
93763,Alexander Schwolow,Union Berlin,32.0,Goalkeeper,700.0,Germany,1.9,feel soccer GmbH,right,2025.0
161057,Carl Klaus,Union Berlin,31.0,Goalkeeper,350.0,Germany,1.89,,right,
43824,Kevin Müller,Heidenheim,34.0,Goalkeeper,1000.0,Germany,1.9,KL Sportsbase,right,2027.0
806948,Frank Feller,Heidenheim,21.0,Goalkeeper,500.0,Germany,1.83,,right,2029.0
57796,Vitus Eicher,Heidenheim,34.0,Goalkeeper,250.0,Germany,1.91,PRO Profil GmbH,left,2025.0
519035,Paul Tschernuth,Heidenheim,23.0,Goalkeeper,100.0,Austria,1.86,B360 Sports,left,2027.0
248454,Nikola Vasilj,FC St. Pauli,29.0,Goalkeeper,3000.0,Bosnia-Herzegovina,1.93,,right,
453742,Ben Voll,FC St. Pauli,24.0,Goalkeeper,500.0,Germany,1.95,Soccer and more,both,
152460,Eric Oelschlägel,FC St. Pauli,29.0,Goalkeeper,300.0,Germany,1.93,Wasserman,right,
36898,Sascha Burchert,FC St. Pauli,35.0,Goalkeeper,200.0,Germany,1.87,SEG,right,
333074,Sören Ahlers,FC St. Pauli,27.0,Goalkeeper,50.0,Germany,1.94,,both,
84938,Timo Horn,VfL Bochum,32.0,Goalkeeper,800.0,Germany,1.92,Sports360 GmbH,left,2026.0
94192,Patrick Drewes,VfL Bochum,32.0,Goalkeeper,800.0,Germany,1.94,,right,2026.0
452192,Paul Grave,VfL Bochum,24.0,Goalkeeper,50.0,Germany,1.93,,right,2025.0
296428,Timon Weiner,Holstein Kiel,26.0,Goalkeeper,1500.0,Germany,1.91,CORESPORT,both,2027.0
115979,Thomas Dähne,Holstein Kiel,31.0,Goalkeeper,400.0,Germany,1.93,HAGMAYR ...,both,2026.0
124080,Marcel Engelhardt,Holstein Kiel,32.0,Goalkeeper,175.0,Germany,1.91,,right,
160929,Marvin Schwäbe,1.FC Köln,30.0,Goalkeeper,1500.0,Germany,1.9,,right,2027.0
395671,Anthony Racioppi,1.FC Köln,26.0,Goalkeeper,1000.0,Switzerland,1.89,SEG,right,2025.0
665971,Jonas Nickisch,1.FC Köln,21.0,Goalkeeper,200.0,Germany,1.91,,right,2025.0
8246,Philipp Pentke,1.FC Köln,40.0,Goalkeeper,200.0,Germany,1.91,,right,2025.0
227089,Matthias Köbbing,1.FC Köln,27.0,Goalkeeper,100.0,Germany,1.96,,both,2025.0
624462,Jan Reichert,1.FC Nuremberg,23.0,Goalkeeper,800.0,Germany,1.91,Soccer and more,"
                            Jul 1, 2022                        ",2027.0
82361,Christian Mathenia,1.FC Nuremberg,33.0,Goalkeeper,300.0,Germany,1.9,ROOF,right,2026.0
687602,Michal Kukucka,1.FC Nuremberg,23.0,Goalkeeper,250.0,Slovakia,1.91,,left,2026.0
666167,Nicolas Ortegel,1.FC Nuremberg,21.0,Goalkeeper,125.0,Germany,1.93,,right,2025.0
84993,Daniel Heuer Fernandes,Hamburger SV,32.0,Goalkeeper,700.0,Portugal,1.88,Wasserman,right,2026.0
386685,Matheo Raab,Hamburger SV,26.0,Goalkeeper,600.0,Germany,1.86,Soccer and more,right,2026.0
894692,Hannes Hermann,Hamburger SV,20.0,Goalkeeper,150.0,Germany,1.91,,right,2027.0
44607,Tom Mickel,Hamburger SV,36.0,Goalkeeper,100.0,Germany,1.85,CAA Stellar,right,2025.0
553282,Tjark Ernst,Hertha BSC,22.0,Goalkeeper,2500.0,Germany,1.93,,both,2027.0
196382,Marius Gersbeck,Hertha BSC,29.0,Goalkeeper,350.0,Germany,1.87,,left,2026.0
822960,Tim Goller,Hertha BSC,20.0,Goalkeeper,350.0,Germany,1.93,UG Sports,right,2027.0
255294,Florian Kastenmeier,F. Düsseldorf,27.0,Goalkeeper,1500.0,Germany,1.92,Sportify Solution,right,2026.0
815180,Robert Kwasigroch,F. Düsseldorf,20.0,Goalkeeper,200.0,Germany,1.94,SEG,left,2025.0
470816,Florian Schock,F. Düsseldorf,24.0,Goalkeeper,200.0,Germany,2.0,,right,2026.0
337082,Julian Krahl,1.FC K'lautern,25.0,Goalkeeper,1000.0,Germany,1.94,Dirk Hebel,right,
726120,Simon Simoni,1.FC K'lautern,20.0,Goalkeeper,400.0,Albania,1.95,,right,2026.0
273937,Avdo Spahic,1.FC K'lautern,28.0,Goalkeeper,175.0,Bosnia-Herzegovina,1.9,CAA Stellar,right,
85864,Loris Karius,FC Schalke 04,31.0,Goalkeeper,800.0,Germany,1.91,,right,2025.0
453770,Justin Heekeren,FC Schalke 04,24.0,Goalkeeper,600.0,Germany,1.96,,"
                            Jul 1, 2022                        ",2026.0
39015,Ralf Fährmann,FC Schalke 04,36.0,Goalkeeper,200.0,Germany,1.97,,right,2025.0
774531,Luca Podlech,FC Schalke 04,20.0,Goalkeeper,50.0,Germany,2.0,Sports360 GmbH,right,2028.0
19114,Michael Langer,FC Schalke 04,40.0,Goalkeeper,50.0,Austria,1.95,,right,2025.0
296741,Markus Schubert,SC Paderborn,26.0,Goalkeeper,500.0,Germany,1.89,SBE Management AG,right,
40792,Manuel Riemann,SC Paderborn,36.0,Goalkeeper,300.0,Germany,1.86,ROOF,right,2025.0
930013,Florian Pruhs,SC Paderborn,19.0,Goalkeeper,150.0,Germany,1.9,Unique Sports Group,"
                            Jul 1, 2023                        ",
606301,Arne Schulz,SC Paderborn,22.0,Goalkeeper,100.0,Germany,1.92,B360 Sports,right,2025.0
21327,Ron-Robert Zieler,Hannover 96,36.0,Goalkeeper,500.0,Germany,1.88,Sports360 GmbH,right,2026.0
1105999,Leon-Oumar Wechsel,Hannover 96,20.0,Goalkeeper,350.0,Germany,1.9,,right,2026.0
196427,Leo Weinkauf,Hannover 96,28.0,Goalkeeper,250.0,Germany,1.98,Karl M. Herzog ...,right,2026.0
93651,Marcel Schuhen,Darmstadt 98,32.0,Goalkeeper,800.0,Germany,1.88,,right,
146693,Alexander Brunst,Darmstadt 98,29.0,Goalkeeper,300.0,Germany,1.95,,right,2027.0
238722,Dominik Reimann,1.FC Magdeburg,27.0,Goalkeeper,1000.0,Germany,1.86,,right,
349465,Nicolas Kristof,SV Elversberg,25.0,Goalkeeper,1000.0,Austria,1.87,Soccer and more,both,2027.0
85534,Tim Boss,SV Elversberg,31.0,Goalkeeper,200.0,Germany,1.86,,both,2027.0
44536,Frank Lehmann,SV Elversberg,36.0,Goalkeeper,100.0,Germany,1.93,,right,2026.0
829299,Max Weiß,Karlsruher SC,20.0,Goalkeeper,3000.0,Germany,1.9,,right,
1008184,Mustafe Abdullahu,Karlsruher SC,21.0,Goalkeeper,175.0,Kosovo,1.99,,right,2025.0
53116,Robin Himmelmann,Karlsruher SC,36.0,Goalkeeper,150.0,Germany,1.87,,right,
829243,Aki Koch,Karlsruher SC,21.0,Goalkeeper,100.0,Germany,1.87,PRO Profil GmbH,"
                            Jul 1, 2024                        ",
600942,Nahuel Noll,Greuther Fürth,22.0,Goalkeeper,1500.0,Germany,1.9,VIDA 11,both,2025.0
309397,Lennart Grill,Greuther Fürth,26.0,Goalkeeper,450.0,Germany,1.92,,right,2025.0
241974,Nils Körber,Greuther Fürth,28.0,Goalkeeper,250.0,Germany,1.89,,right,2026.0
569681,Moritz Schulze,Greuther Fürth,24.0,Goalkeeper,100.0,Germany,1.92,,right,2025.0
317444,Ron-Thorben Hoffmann,E. Braunschweig,26.0,Goalkeeper,600.0,Germany,1.92,ROOF,right,2025.0
316983,Marko Johansson,E. Braunschweig,26.0,Goalkeeper,400.0,Sweden,1.94,,right,2025.0
169271,Tino Casali,E. Braunschweig,29.0,Goalkeeper,300.0,Austria,1.93,,right,2025.0
688544,Justin Duda,E. Braunschweig,22.0,Goalkeeper,50.0,Germany,1.93,B360 Sports,"
                            Jul 1, 2023                        ",2025.0
348778,Niclas Thiede,SSV Ulm 1846,26.0,Goalkeeper,350.0,Germany,1.86,CORESPORT,both,2026.0
196826,Christian Ortag,SSV Ulm 1846,30.0,Goalkeeper,300.0,Germany,1.97,Soccer and more,right,2028.0
422251,Marvin Seybold,SSV Ulm 1846,23.0,Goalkeeper,25.0,Germany,1.9,,"
                            Jul 1, 2020                        ",2025.0
499317,Felix Gebhardt,J. Regensburg,23.0,Goalkeeper,900.0,Germany,1.9,Sports360 GmbH,"
                            Jul 1, 2023                        ",2026.0
228975,Julian Pollersbeck,J. Regensburg,30.0,Goalkeeper,250.0,Germany,1.95,,right,2026.0
255633,Alexander Weidinger,J. Regensburg,27.0,Goalkeeper,125.0,Germany,1.97,,right,
668730,Leon Cuk,J. Regensburg,22.0,Goalkeeper,75.0,Germany,1.88,PRO Profil GmbH,right,2025.0
604326,Johannes Schenk,Pr. Münster,22.0,Goalkeeper,1000.0,Germany,1.91,WINS,"
                            Jul 1, 2024                        ",2027.0
274039,Morten Behrens,Pr. Münster,28.0,Goalkeeper,250.0,Germany,1.93,,right,
724709,Marian Kirsch,Pr. Münster,21.0,Goalkeeper,75.0,Germany,1.96,,-,
388516,Josep Martínez,Inter,26.0,Goalkeeper,12000.0,Spain,1.91,,right,2029.0
42205,Yann Sommer,Inter,36.0,Goalkeeper,4000.0,Switzerland,1.83,,right,2026.0
70580,Raffaele Di Gennaro,Inter,31.0,Goalkeeper,300.0,Italy,1.88,,right,2025.0
301238,Michele Di Gregorio,Juventus,27.0,Goalkeeper,18000.0,Italy,1.87,,right,2029.0
110923,Mattia Perin,Juventus,32.0,Goalkeeper,3000.0,Italy,1.88,,right,2027.0
75411,Carlo Pinsoglio,Juventus,35.0,Goalkeeper,200.0,Italy,1.94,,left,2026.0
182906,Mike Maignan,AC Milan,29.0,Goalkeeper,25000.0,France,1.91,,right,2026.0
199976,Marco Sportiello,AC Milan,33.0,Goalkeeper,1500.0,Italy,1.92,GR Sports,right,2027.0
939745,Lorenzo Torriani,AC Milan,20.0,Goalkeeper,500.0,Italy,1.97,,right,2030.0
459763,Marco Carnesecchi,Atalanta BC,24.0,Goalkeeper,25000.0,Italy,1.91,,right,2028.0
45026,Rui Patrício,Atalanta BC,37.0,Goalkeeper,1000.0,Portugal,1.9,Gestifute,left,2025.0
126634,Francesco Rossi,Atalanta BC,34.0,Goalkeeper,100.0,Italy,1.93,,right,2025.0
240414,Alex Meret,Napoli,28.0,Goalkeeper,12000.0,Italy,1.9,P&P Sport ...,left,2025.0
238993,Simone Scuffet,Napoli,28.0,Goalkeeper,2000.0,Italy,1.93,P&P Sport ...,right,2025.0
250683,Nikita Contini,Napoli,29.0,Goalkeeper,400.0,Italy,1.9,,right,2025.0
338670,Mile Svilar,AS Roma,25.0,Goalkeeper,17000.0,Serbia,1.89,Universal Twenty Two,right,2027.0
244192,Pierluigi Gollini,AS Roma,30.0,Goalkeeper,1000.0,Italy,1.94,,right,2027.0
1041614,Renato Marin,AS Roma,18.0,Goalkeeper,500.0,Italy,1.93,,right,2025.0
197929,Ivan Provedel,Lazio,31.0,Goalkeeper,7000.0,Italy,1.94,,right,2027.0
481675,Christos Mandas,Lazio,23.0,Goalkeeper,5000.0,Greece,1.89,DRANGOLD LIMITED / ...,right,2029.0
918957,Davide Renzetti,Lazio,18.0,Goalkeeper,100.0,Italy,1.94,,right,2027.0
538079,Alessio Furlanetto,Lazio,23.0,Goalkeeper,50.0,Italy,1.91,,"
                            Jul 1, 2022                        ",2028.0
80894,Lukasz Skorupski,Bologna,34.0,Goalkeeper,2500.0,Poland,1.88,P&P Sport ...,right,2026.0
390304,Federico Ravaglia,Bologna,25.0,Goalkeeper,1000.0,Italy,1.96,,right,2028.0
818892,Nicola Bagnolini,Bologna,21.0,Goalkeeper,200.0,Italy,1.94,P&P Sport ...,right,2027.0
59377,David de Gea,Fiorentina,34.0,Goalkeeper,5000.0,Spain,1.92,,right,2025.0
934159,Tommaso Martinelli,Fiorentina,19.0,Goalkeeper,1800.0,Italy,1.94,,right,2029.0
96254,Pietro Terracciano,Fiorentina,35.0,Goalkeeper,1500.0,Italy,1.93,P&P Sport ...,right,2026.0
257474,Vanja Milinković-Savić,Torino,28.0,Goalkeeper,12000.0,Serbia,2.02,,right,2026.0
163048,Alberto Paleari,Torino,32.0,Goalkeeper,500.0,Italy,1.93,,right,2026.0
88685,Antonio Donnarumma,Torino,34.0,Goalkeeper,300.0,Italy,1.92,Team Raiola,right,2026.0
290537,Jean Butez,Como,29.0,Goalkeeper,3000.0,France,1.89,YOU FIRST,right,2028.0
7825,Pepe Reina,Como,42.0,Goalkeeper,600.0,Spain,1.88,,right,2025.0
88595,Mauro Vigorito,Como,35.0,Goalkeeper,150.0,Italy,1.87,,right,
431417,Pierre Bolchini,Como,26.0,Goalkeeper,50.0,Italy,2.0,,left,
136111,Nicola Leali,Genoa,32.0,Goalkeeper,1500.0,Italy,1.93,,right,2026.0
111426,Benjamin Siegrist,Genoa,33.0,Goalkeeper,650.0,Switzerland,1.96,,right,2025.0
312773,Daniele Sommariva,Genoa,27.0,Goalkeeper,100.0,Italy,1.85,Alberto Jimmy ...,right,2025.0
340353,Maduka Okoye,Udinese,25.0,Goalkeeper,7500.0,Nigeria,1.98,GG11,right,2028.0
568617,Răzvan Sava,Udinese,22.0,Goalkeeper,2500.0,Romania,1.97,,right,2029.0
27807,Daniele Padelli,Udinese,39.0,Goalkeeper,150.0,Italy,1.91,,right,2025.0
612059,Edoardo Piana,Udinese,21.0,Goalkeeper,50.0,Italy,1.98,,right,
432298,Zion Suzuki,Parma,22.0,Goalkeeper,14000.0,Japan,1.9,,right,2029.0
528181,Edoardo Corvi,Parma,24.0,Goalkeeper,350.0,Italy,1.87,,right,2027.0
86083,Richard Marcone,Parma,32.0,Goalkeeper,250.0,Italy,1.84,,right,2025.0
495722,Devis Vásquez,FC Empoli,27.0,Goalkeeper,2000.0,Colombia,1.95,VIDA 11,right,2025.0
935777,Jacopo Seghetti,FC Empoli,20.0,Goalkeeper,1000.0,Italy,1.89,GG11,right,
85528,Marco Silvestri,FC Empoli,34.0,Goalkeeper,500.0,Italy,1.91,Team Raiola,right,2025.0
451154,Federico Brancolini,FC Empoli,23.0,Goalkeeper,200.0,Italy,1.92,,right,2027.0
241923,Lorenzo Montipò,Hellas Verona,29.0,Goalkeeper,3000.0,Italy,1.91,,right,2026.0
818898,Federico Magro,Hellas Verona,20.0,Goalkeeper,300.0,Italy,1.9,,right,
240675,Simone Perilli,Hellas Verona,30.0,Goalkeeper,200.0,Italy,1.96,,right,
127217,Alessandro Berardi,Hellas Verona,34.0,Goalkeeper,50.0,Italy,1.85,,right,2025.0
543666,Stefano Turati,Monza,23.0,Goalkeeper,7500.0,Italy,1.88,,right,2025.0
537171,Semuel Pizzignacco,Monza,23.0,Goalkeeper,800.0,Italy,1.88,,right,2027.0
815567,Andrea Mazza,Monza,21.0,Goalkeeper,75.0,Italy,1.9,,"
                            Jul 1, 2024                        ",2027.0
421873,Elia Caprile,Cagliari,23.0,Goalkeeper,8000.0,Italy,1.91,,right,2025.0
304144,Alen Sherri,Cagliari,27.0,Goalkeeper,1000.0,Albania,1.97,BSP FOOTBALL AGENCY,right,2027.0
535740,Giuseppe Ciocci,Cagliari,23.0,Goalkeeper,100.0,Italy,1.93,,right,2027.0
238537,Wladimiro Falcone,Lecce,30.0,Goalkeeper,4000.0,Italy,1.95,LIAN Sports Group,right,2028.0
336307,Christian Früchtl,Lecce,25.0,Goalkeeper,1500.0,Germany,1.93,,left,2027.0
712911,Jasper Samooja,Lecce,21.0,Goalkeeper,75.0,Finland,1.93,,"
                            Jul 1, 2022                        ",2026.0
552223,Filip Stanković,Venezia,23.0,Goalkeeper,6000.0,Serbia,1.87,Roc Nation Sports,right,2025.0
303657,Andrei Radu,Venezia,27.0,Goalkeeper,2500.0,Romania,1.88,P&P Sport ...,right,2025.0
131758,Jesse Joronen,Venezia,32.0,Goalkeeper,600.0,Finland,1.97,,right,2025.0
155038,Matteo Grandi,Venezia,32.0,Goalkeeper,150.0,Italy,1.9,,right,2025.0
525438,Horațiu Moldovan,Sassuolo,27.0,Goalkeeper,2200.0,Romania,1.86,,right,2025.0
35865,Andrea Consigli,Sassuolo,38.0,Goalkeeper,400.0,Italy,1.89,,right,2025.0
323255,Giacomo Satalino,Sassuolo,26.0,Goalkeeper,400.0,Italy,1.88,,right,2026.0
481344,Alessandro Russo,Sassuolo,24.0,Goalkeeper,300.0,Italy,1.93,,right,
317057,Adrian Semper,Pisa,27.0,Goalkeeper,2700.0,Croatia,1.94,P&P Sport ...,right,2027.0
386567,Leonardo Loria,Pisa,26.0,Goalkeeper,250.0,Italy,1.95,,right,2025.0
99523,Nícolas,Pisa,37.0,Goalkeeper,200.0,Brazil,1.9,,right,2025.0
244491,Stefano Gori,Spezia Calcio,29.0,Goalkeeper,500.0,Italy,1.85,,right,2025.0
95736,Leandro Chichizola,Spezia Calcio,35.0,Goalkeeper,400.0,Argentina,1.85,AREA SPORT TEAM,right,2025.0
338101,Mouhamadou Sarr,Spezia Calcio,28.0,Goalkeeper,300.0,Senegal,1.9,,right,2027.0
981998,Diego Mascardi,Spezia Calcio,18.0,Goalkeeper,200.0,Italy,1.98,,right,2028.0
256339,Emil Audero,Palermo,28.0,Goalkeeper,5000.0,Indonesia,1.92,,right,2025.0
567465,Sebastiano Desplanches,Palermo,22.0,Goalkeeper,2500.0,Italy,1.89,GG11,left,2028.0
163568,Alfred Gomis,Palermo,31.0,Goalkeeper,500.0,Senegal,1.96,Scuderia,right,2026.0
25508,Salvatore Sirigu,Palermo,38.0,Goalkeeper,250.0,Italy,1.92,,right,2025.0
936567,Francesco Di Bartolo,Palermo,20.0,Goalkeeper,50.0,Italy,1.92,,right,2028.0
12907,Alessio Cragno,Sampdoria,30.0,Goalkeeper,1000.0,Italy,1.84,,right,2025.0
301240,Samuele Perisan,Sampdoria,27.0,Goalkeeper,500.0,Italy,1.92,,left,2025.0
357983,Simone Ghidotti,Sampdoria,25.0,Goalkeeper,350.0,Italy,1.93,,right,2025.0
459697,Niccolò Chiorra,Sampdoria,24.0,Goalkeeper,300.0,Italy,1.87,,right,2025.0
231381,Andrea Fulignati,Cremonese,30.0,Goalkeeper,1400.0,Italy,1.9,,right,2025.0
369522,Jakob Tånnander,Cremonese,24.0,Goalkeeper,700.0,Sweden,1.91,HCM Sports ...,left,2025.0
420179,Gianluca Saro,Cremonese,24.0,Goalkeeper,400.0,Italy,1.87,,right,2027.0
482789,Giacomo Drago,Cremonese,24.0,Goalkeeper,300.0,Italy,1.94,,right,2025.0
471936,Oliver Christensen,Salernitana,26.0,Goalkeeper,1500.0,Denmark,1.9,BTAM,right,2025.0
99254,Luigi Sepe,Salernitana,34.0,Goalkeeper,400.0,Italy,1.85,,left,2026.0
1176371,Francesco Corriere,Salernitana,19.0,Goalkeeper,200.0,Italy,1.91,,right,
542588,Alessandro Sorrentino,Frosinone,23.0,Goalkeeper,700.0,Italy,1.9,,right,2025.0
370701,Michele Cerofolini,Frosinone,26.0,Goalkeeper,700.0,Italy,1.88,,right,2026.0
43217,Pierluigi Frattali,Frosinone,39.0,Goalkeeper,50.0,Italy,1.85,,right,2025.0
334992,Jonathan Klinsmann,Cesena,28.0,Goalkeeper,1500.0,United States,1.95,AESIR,right,2026.0
168444,Matteo Pisseri,Cesena,33.0,Goalkeeper,300.0,Italy,1.88,,right,2025.0
530847,Alessandro Siano,Cesena,24.0,Goalkeeper,100.0,Italy,1.85,,right,2026.0
925504,Giulio Veliaj,Cesena,20.0,Goalkeeper,50.0,Albania,1.93,,right,2025.0
337360,Riccardo Gagno,Modena,27.0,Goalkeeper,700.0,Italy,1.86,P&P Sport ...,right,2026.0
85380,Andrea Seculin,Modena,34.0,Goalkeeper,250.0,Italy,1.9,,right,2025.0
537548,Fabrizio Bagheria,Modena,24.0,Goalkeeper,50.0,Italy,1.89,,right,2025.0
258482,Boris Radunović,Bari,28.0,Goalkeeper,750.0,Serbia,1.94,,right,2025.0
350082,Marco Pissardo,Bari,27.0,Goalkeeper,350.0,Italy,1.84,,right,2026.0
417414,Davide Marfella,Bari,25.0,Goalkeeper,50.0,Italy,1.82,,right,2025.0
135747,Luca Lezzerini,Brescia,30.0,Goalkeeper,400.0,Italy,1.95,,right,2026.0
234880,Lorenzo Andrenacci,Brescia,30.0,Goalkeeper,250.0,Italy,1.88,,right,2026.0
457859,Michele Avella,Brescia,25.0,Goalkeeper,150.0,Italy,1.88,,left,
165893,Mirko Pigliacelli,Catanzaro,31.0,Goalkeeper,500.0,Italy,1.84,,right,2026.0
421766,Ludovico Gelmi,Catanzaro,24.0,Goalkeeper,175.0,Italy,1.91,,right,2025.0
902633,Edoardo Borrelli,Catanzaro,20.0,Goalkeeper,50.0,Italy,1.87,SEG,right,2026.0
435406,Demba Thiam,Juve Stabia,27.0,Goalkeeper,750.0,Senegal,2.02,,right,2025.0
340448,Kristjan Matosevic,Juve Stabia,27.0,Goalkeeper,200.0,Croatia,1.96,,left,2025.0
385397,Alessandro Signorini,Juve Stabia,25.0,Goalkeeper,50.0,Italy,1.82,,right,2025.0
110925,Francesco Bardi,Reggiana,33.0,Goalkeeper,400.0,Italy,1.88,,right,2025.0
484160,Alex Sposito,Reggiana,23.0,Goalkeeper,150.0,Italy,1.93,,left,2026.0
916430,Edoardo Motta,Reggiana,20.0,Goalkeeper,100.0,Italy,1.94,,right,2026.0
215167,Marco Bleve,Carrarese,29.0,Goalkeeper,500.0,Italy,1.84,,right,2025.0
55000,Vincenzo Fiorillo,Carrarese,35.0,Goalkeeper,150.0,Italy,1.9,,left,2025.0
346528,Stefano Mazzini,Carrarese,26.0,Goalkeeper,50.0,Italy,1.94,,right,2026.0
42796,Nicola Ravaglia,Carrarese,36.0,Goalkeeper,50.0,Italy,1.84,,right,2025.0
804632,Gianluca Mazzi,Carrarese,21.0,Goalkeeper,50.0,Italy,1.87,,right,2025.0
300137,Marius Adamonis,Südtirol,28.0,Goalkeeper,800.0,Lithuania,1.91,,right,2025.0
327326,Giacomo Poluzzi,Südtirol,37.0,Goalkeeper,300.0,Italy,1.86,,left,2026.0
85240,Eugenio Lamanna,Südtirol,35.0,Goalkeeper,50.0,Italy,1.87,MVP United,right,2025.0
257660,Marco Festa,Mantova,32.0,Goalkeeper,350.0,Italy,1.9,,right,2026.0
814002,Luca Sonzogni,Mantova,20.0,Goalkeeper,150.0,Italy,1.85,,right,2026.0
167685,Alessandro Micai,Cosenza,31.0,Goalkeeper,400.0,Italy,1.86,,right,2026.0
459102,Thomas Vettorel,Cosenza,24.0,Goalkeeper,200.0,Italy,1.9,,right,2026.0
715616,Gabriele Baldi,Cosenza,20.0,Goalkeeper,150.0,Italy,1.96,,right,2027.0
565241,Alessandro Lai,Cosenza,24.0,Goalkeeper,50.0,Italy,1.86,,right,2025.0
258608,Elhan Kastrati,Cittadella,28.0,Goalkeeper,750.0,Albania,1.89,YOU FIRST,right,2026.0
176182,Luca Maniero,Cittadella,29.0,Goalkeeper,300.0,Italy,1.89,,right,
421764,Matteo Cardinali,Cittadella,23.0,Goalkeeper,200.0,Italy,1.9,YOU FIRST,right,2026.0
954016,Edoardo Scquizzato,Cittadella,18.0,Goalkeeper,50.0,Italy,1.8,,"
                            Jul 1, 2024                        ",
315858,Gianluigi Donnarumma,Paris SG,26.0,Goalkeeper,35000.0,Italy,1.96,Team Raiola,right,2026.0
318470,Matvey Safonov,Paris SG,26.0,Goalkeeper,22000.0,Russia,1.92,,right,2029.0
466783,Arnau Tenas,Paris SG,23.0,Goalkeeper,4000.0,Spain,1.85,,right,2026.0
346546,Radoslaw Majecki,Monaco,25.0,Goalkeeper,7000.0,Poland,1.93,ROOF,right,2028.0
251322,Philipp Köhn,Monaco,27.0,Goalkeeper,4000.0,Switzerland,1.9,,right,2028.0
745341,Yann Lienard,Monaco,22.0,Goalkeeper,200.0,France,1.94,,right,2027.0
463600,Lucas Chevalier,LOSC Lille,23.0,Goalkeeper,30000.0,France,1.89,,right,2027.0
33781,Vito Mannone,LOSC Lille,37.0,Goalkeeper,200.0,Italy,1.88,,right,2025.0
205465,Marc-Aurèle Caillard,LOSC Lille,31.0,Goalkeeper,150.0,France,1.92,,right,2025.0
229604,Gerónimo Rulli,Marseille,33.0,Goalkeeper,8000.0,Argentina,1.89,CAA Stellar,right,2027.0
315253,Jeffrey de Lange,Marseille,27.0,Goalkeeper,2500.0,Netherlands,1.9,GFM,right,2027.0
199321,Rubén Blanco,Marseille,29.0,Goalkeeper,1500.0,Spain,1.88,,right,2026.0
727086,Jelle Van Neck,Marseille B,21.0,Goalkeeper,100.0,Belgium,1.91,,right,2027.0
352041,Lucas Perri,Olympique Lyon,27.0,Goalkeeper,10000.0,Brazil,1.97,LEFT Sports,right,2028.0
282028,Rémy Descamps,Olympique Lyon,28.0,Goalkeeper,1500.0,France,1.96,,left,2027.0
1071430,Lassine Diarra,Olymp. Lyon B,22.0,Goalkeeper,25.0,Mali,1.9,,right,2027.0
465555,Djordje Petrovic,R. Strasbourg,25.0,Goalkeeper,18000.0,Serbia,1.9,Unique Sports Group,right,2025.0
667991,Alaa Bellaarouch,R. Strasbourg,23.0,Goalkeeper,500.0,Morocco,1.89,,right,2027.0
112822,Karl-Johan Johnsson,R. Strasbourg,35.0,Goalkeeper,400.0,Sweden,1.88,,right,2026.0
465955,Marcin Bulka,OGC Nice,25.0,Goalkeeper,20000.0,Poland,1.99,,right,2026.0
127188,Maxime Dupé,OGC Nice,32.0,Goalkeeper,1200.0,France,1.88,SVF FOOT,right,2026.0
789419,Teddy Boulhendi,OGC Nice,24.0,Goalkeeper,100.0,Algeria,1.85,,"
                            Jul 1, 2020                        ",2025.0
191056,Brice Samba,Stade Rennais,31.0,Goalkeeper,15000.0,France,1.87,Sport Cover,left,2029.0
576033,Doğan Alemdar,Stade Rennais,22.0,Goalkeeper,2000.0,Türkiye,1.92,FutureBall,right,2027.0
193256,Gauthier Gallon,Stade Rennais,32.0,Goalkeeper,1000.0,France,1.87,Kemari,right,2027.0
23951,Steve Mandanda,Stade Rennais,40.0,Goalkeeper,700.0,France,1.87,,right,2025.0
72414,Geoffrey Lembet,Stade Rennais,36.0,Goalkeeper,150.0,Central African Republic,1.86,,left,2025.0
128969,Mathew Ryan,Lens,33.0,Goalkeeper,2500.0,Australia,1.84,,right,2025.0
415383,Hervé Koffi,Lens,28.0,Goalkeeper,1500.0,Burkina Faso,1.86,,right,2028.0
28356,Denis Petric,Lens,36.0,Goalkeeper,100.0,Slovenia,1.86,,right,2025.0
124884,Marco Bizot,Stade Brestois,34.0,Goalkeeper,3500.0,Netherlands,1.93,Key United,right,2026.0
525155,Grégoire Coudert,Stade Brestois,26.0,Goalkeeper,400.0,France,1.92,,left,2027.0
448632,Yehvann Diouf,Stade Reims,25.0,Goalkeeper,9000.0,Senegal,1.9,FAIR SPORT MNG,right,2027.0
395602,Alexandre Olliero,Stade Reims,29.0,Goalkeeper,300.0,France,1.93,LB SPORT & ...,right,2026.0
12029,Ludovic Butelle,Stade Reims,42.0,Goalkeeper,100.0,France,1.88,,left,2025.0
357117,Alban Lafont,FC Nantes,26.0,Goalkeeper,4000.0,France,1.96,Sport Cover,right,2027.0
60561,Anthony Lopes,FC Nantes,34.0,Goalkeeper,1500.0,Portugal,1.84,,left,2025.0
190280,Patrik Carlgren,FC Nantes,33.0,Goalkeeper,800.0,Sweden,1.89,HCM Sports ...,right,2026.0
677820,Hugo Barbet,FC Nantes,23.0,Goalkeeper,100.0,France,1.89,,right,2026.0
912902,Guillaume Restes,Toulouse,20.0,Goalkeeper,20000.0,France,1.88,Classico,left,2028.0
328770,Kjetil Haug,Toulouse,26.0,Goalkeeper,600.0,Norway,1.87,Golden Sports Mgmt,right,2026.0
854988,Justin Lacombe,Toulouse,22.0,Goalkeeper,50.0,France,1.92,SBE Management AG,right,2026.0
170911,Donovan Léon,AJ Auxerre,32.0,Goalkeeper,800.0,French Guiana,1.87,,right,2027.0
695422,Théo De Percin,AJ Auxerre,24.0,Goalkeeper,300.0,France,1.85,Kemari,right,2028.0
419996,Raphaël Adiceam,AJ Auxerre,34.0,Goalkeeper,50.0,France,1.79,,left,2025.0
379869,Arthur Desmas,Le Havre AC,31.0,Goalkeeper,1500.0,France,1.96,,right,2025.0
60543,Mathieu Gorgelin,Le Havre AC,34.0,Goalkeeper,200.0,France,1.87,,left,2025.0
357047,Gautier Larsonneur,Saint-Étienne,28.0,Goalkeeper,3500.0,France,1.81,,right,2026.0
78047,Brice Maubleu,Saint-Étienne,35.0,Goalkeeper,300.0,France,1.92,,right,2026.0
836132,Boubacar Fall,Saint-Étienne,24.0,Goalkeeper,100.0,Senegal,1.98,,left,2025.0
127181,Benjamin Lecomte,Montpellier,34.0,Goalkeeper,2000.0,France,1.86,YSI Football,left,2027.0
371816,Dimitry Bertaud,Montpellier,26.0,Goalkeeper,1200.0,DR Congo,1.8,,right,2025.0
483007,Belmin Dizdarevic,Montpellier,23.0,Goalkeeper,150.0,Bosnia-Herzegovina,1.89,,right,2028.0
418651,Yahia Fofana,Angers SCO,24.0,Goalkeeper,6000.0,Cote d'Ivoire,1.94,,right,2026.0
548347,Melvin Zinga,Angers SCO,23.0,Goalkeeper,250.0,Congo,1.87,,left,2026.0
147051,Yvon Mvogo,FC Lorient,30.0,Goalkeeper,3000.0,Switzerland,1.9,Wasserman,right,2025.0
124901,Benjamin Leroy,FC Lorient,36.0,Goalkeeper,150.0,France,1.84,,right,2026.0
750878,Obed Nkambadio,Paris FC,22.0,Goalkeeper,4000.0,France,1.9,,right,2027.0
18940,Rémy Riou,Paris FC,37.0,Goalkeeper,150.0,France,1.91,LB SPORT & ...,right,2025.0
835136,Thomas Himeur,Paris FC,24.0,Goalkeeper,50.0,France,1.92,,right,2025.0
417278,Arnaud Bodart,FC Metz,27.0,Goalkeeper,2500.0,Belgium,1.86,,right,2025.0
56809,Alexandre Oukidja,FC Metz,36.0,Goalkeeper,300.0,Algeria,1.84,,right,2025.0
568728,Pape Sy,FC Metz,28.0,Goalkeeper,250.0,Senegal,2.06,,right,2026.0
373939,Nicolas Lemaître,Troyes,28.0,Goalkeeper,600.0,France,1.89,SAgency,left,2026.0
111041,Zacharie Boucher,Troyes,33.0,Goalkeeper,200.0,France,1.81,Supernova Management,right,2027.0
923757,Ewen Jaouen,USL Dunkerque,19.0,Goalkeeper,400.0,France,2.0,,right,2025.0
142033,Adrián Ortolá,USL Dunkerque,31.0,Goalkeeper,400.0,Spain,1.87,Goal Management,left,2025.0
70348,Ibrahim Koné,USL Dunkerque,35.0,Goalkeeper,100.0,Guinea,1.9,,right,2025.0
290559,Anthony Mandréa,SM Caen,28.0,Goalkeeper,1500.0,Algeria,1.86,YOU FIRST,right,2027.0
549318,Yannis Clémentia,SM Caen,27.0,Goalkeeper,300.0,Martinique,1.88,YOU FIRST,right,2027.0
242716,Enzo Basilio,Guingamp,30.0,Goalkeeper,800.0,France,1.87,FAIR SPORT MNG,right,2026.0
176573,Babacar Niasse,Guingamp,28.0,Goalkeeper,250.0,Mauritania,1.96,,right,2025.0
629587,Teddy Bartouche-Selbonne,Guingamp,27.0,Goalkeeper,50.0,Guadeloupe,1.78,BS Group - BS Law,right,2025.0
164904,Mory Diaw,Rodez AF,31.0,Goalkeeper,1000.0,Senegal,1.97,,right,2025.0
164915,Lionel Mpasi-Nzau,Rodez AF,30.0,Goalkeeper,500.0,DR Congo,1.82,,right,2025.0
395251,Sébastien Cibois,Rodez AF,27.0,Goalkeeper,250.0,France,1.92,,right,2025.0
947911,Enzo Crombez,Rodez AF,22.0,Goalkeeper,50.0,France,1.88,,right,2025.0
51035,Johny Placide,SC Bastia,37.0,Goalkeeper,200.0,Haiti,1.81,,right,2025.0
238635,Julien Fabri,SC Bastia,31.0,Goalkeeper,150.0,France,1.83,,right,2026.0
916497,Massamba N'Diaye,Clermont Foot,23.0,Goalkeeper,600.0,Senegal,2.02,,"
                            Aug 3, 2023                        ",2027.0
358505,Théo Guivarch,Clermont Foot,29.0,Goalkeeper,250.0,France,1.95,,right,2026.0
920218,Théo Borne,Clermont Foot,22.0,Goalkeeper,50.0,France,1.91,,right,2025.0
333175,Bingourou Kamara,Pau FC,28.0,Goalkeeper,800.0,Senegal,1.95,S.O.M FOOTBALL,right,2025.0
191882,Mehdi Jeannin,Pau FC,34.0,Goalkeeper,150.0,Algeria,1.87,,right,2025.0
1182322,Tao Paradowski,Pau FC,20.0,Goalkeeper,100.0,France,1.8,,right,2026.0
72422,Mamadou Samassa,Stade Lavallois,35.0,Goalkeeper,250.0,Mali,1.98,,right,2026.0
141364,Maxime Hautbois,Stade Lavallois,34.0,Goalkeeper,100.0,France,1.81,,right,2026.0
654420,Amjhad Nazih,Stade Lavallois,23.0,Goalkeeper,50.0,Morocco,1.92,,right,2025.0
917147,Mamadou Diop,Grenoble,25.0,Goalkeeper,600.0,Mauritania,2.04,,right,2028.0
314862,Bobby Allain,Grenoble,33.0,Goalkeeper,150.0,France,1.85,,right,2026.0
288247,Maxime Pattier,Grenoble,29.0,Goalkeeper,100.0,France,1.84,,right,2026.0
743515,Robin Risser,Red Star FC,20.0,Goalkeeper,800.0,France,1.93,Carmenta,right,2025.0
157484,Quentin Beunardeau,Red Star FC,31.0,Goalkeeper,400.0,France,1.84,Soccer Connect,right,2027.0
691340,William Avognan,Red Star FC,30.0,Goalkeeper,100.0,France,1.96,,right,2025.0
685086,Pépé Bonet,Red Star FC,22.0,Goalkeeper,50.0,DR Congo,1.95,,right,2025.0
39918,Régis Gurtner,Amiens SC,38.0,Goalkeeper,200.0,France,1.82,,right,2025.0
222636,Florian Escales,FC Annecy,29.0,Goalkeeper,600.0,France,1.84,,left,2025.0
593315,Thomas Callens,FC Annecy,26.0,Goalkeeper,200.0,France,1.82,,left,2025.0
540643,Tidiane Malbec,FC Annecy,23.0,Goalkeeper,50.0,France,1.87,,right,2026.0
331977,François-Joseph Sollacaro,AC Ajaccio,31.0,Goalkeeper,400.0,France,1.82,,right,2025.0
855050,Ghjuvanni Quilichini,AC Ajaccio,22.0,Goalkeeper,100.0,France,1.82,,right,2025.0
746646,Yannick Etile,FC Martigues,24.0,Goalkeeper,200.0,Martinique,1.93,,right,2025.0
454149,Yan Marillat,FC Martigues,30.0,Goalkeeper,150.0,France,1.83,,right,2025.0
108390,Thibaut Courtois,Real Madrid,33.0,Goalkeeper,25000.0,Belgium,2.0,,left,2026.0
404839,Andriy Lunin,Real Madrid,26.0,Goalkeeper,20000.0,Ukraine,1.91,Gestifute,right,2030.0
1055220,Fran González,RM Castilla,19.0,Goalkeeper,400.0,Spain,1.99,amk,right,2026.0
74857,Marc-André ter Stegen,Barcelona,33.0,Goalkeeper,15000.0,Germany,1.87,ROOF,right,2028.0
283170,Iñaki Peña,Barcelona,26.0,Goalkeeper,10000.0,Spain,1.84,AC Talent,right,2026.0
44058,Wojciech Szczesny,Barcelona,35.0,Goalkeeper,1000.0,Poland,1.95,CAA Stellar,right,2025.0
121483,Jan Oblak,Atlético Madrid,32.0,Goalkeeper,25000.0,Slovenia,1.88,,right,2028.0
242359,Juan Musso,Atlético Madrid,31.0,Goalkeeper,4000.0,Argentina,1.91,,right,2025.0
625657,Unai Marrero,Real Sociedad,23.0,Goalkeeper,600.0,Spain,1.89,,right,2027.0
262396,Unai Simón,Athletic,27.0,Goalkeeper,28000.0,Spain,1.9,CAA Stellar,right,2029.0
625014,Julen Agirrezabala,Athletic,24.0,Goalkeeper,15000.0,Spain,1.87,YOU FIRST,left,2027.0
341713,Diego Conde,Villarreal,26.0,Goalkeeper,10000.0,Spain,1.88,,right,2029.0
712107,Luiz Júnior,Villarreal,24.0,Goalkeeper,5000.0,Brazil,1.92,,left,2030.0
547248,Iker Álvarez,Villarreal CF B,23.0,Goalkeeper,800.0,Andorra,1.9,AS1,right,2026.0
502676,Giorgi Mamardashvili,Valencia,24.0,Goalkeeper,30000.0,Georgia,1.97,Free Football,left,2025.0
165467,Stole Dimitrievski,Valencia,31.0,Goalkeeper,3000.0,North Macedonia,1.88,AS1,right,2026.0
227805,Jaume Doménech,Valencia,34.0,Goalkeeper,600.0,Spain,1.85,Wasserman,right,2025.0
195488,Paulo Gazzaniga,Girona,33.0,Goalkeeper,3500.0,Argentina,1.95,,right,2027.0
1169436,Vladyslav Krapyvtsov,Girona,19.0,Goalkeeper,200.0,Ukraine,1.88,ProStar,right,2029.0
120705,Juan Carlos,Girona,37.0,Goalkeeper,100.0,Spain,1.87,,"
                            Jul 1, 2019                        ",2025.0
453704,Álvaro Fernández,Sevilla FC,27.0,Goalkeeper,2500.0,Spain,1.85,Dupla Piqué & ...,right,2026.0
73517,Ørjan Nyland,Sevilla FC,34.0,Goalkeeper,1000.0,Norway,1.92,Solbakken / Player ...,right,2026.0
551182,Fran Vieites,Real Betis,26.0,Goalkeeper,800.0,Spain,1.96,,left,2026.0
71271,Adrián,Real Betis,38.0,Goalkeeper,500.0,Spain,1.9,,right,2026.0
357770,Dinko Horkas,UD Las Palmas,26.0,Goalkeeper,1200.0,Croatia,1.89,Top Sport Medium,right,2028.0
146227,Jasper Cillessen,UD Las Palmas,36.0,Goalkeeper,900.0,Netherlands,1.87,SEG,right,2026.0
248738,Sergio Herrera,CA Osasuna,31.0,Goalkeeper,4000.0,Spain,1.92,YOU FIRST,right,2026.0
118997,Aitor Fernández,CA Osasuna,34.0,Goalkeeper,1500.0,Spain,1.82,,right,2027.0
297194,Iván Villar,Celta de Vigo,27.0,Goalkeeper,900.0,Spain,1.86,AS1,right,2027.0
64399,Vicente Guaita,Celta de Vigo,38.0,Goalkeeper,800.0,Spain,1.9,,right,2025.0
561613,Joan García,Espanyol,24.0,Goalkeeper,20000.0,Spain,1.91,Niagara Sports ...,right,2028.0
172015,Fernando Pacheco,Espanyol,33.0,Goalkeeper,900.0,Spain,1.87,Dupla Piqué & ...,left,2026.0
628487,Ángel Fortuño,Espanyol,23.0,Goalkeeper,300.0,Spain,1.83,,right,2027.0
316884,Dominik Greif,RCD Mallorca,28.0,Goalkeeper,6000.0,Slovakia,1.97,Stars & Friends,right,2026.0
562742,Leo Román,RCD Mallorca,24.0,Goalkeeper,2500.0,Spain,1.89,,right,2026.0
27493,Iván Cuéllar,RCD Mallorca,40.0,Goalkeeper,100.0,Spain,1.87,,left,2025.0
226012,David Soria,Getafe,32.0,Goalkeeper,4000.0,Spain,1.92,AS1,right,2026.0
339079,Jiri Letacek,Getafe,26.0,Goalkeeper,2000.0,Czech Republic,1.96,SPORT INVEST,right,2028.0
298197,Antonio Sivera,Alavés,28.0,Goalkeeper,6000.0,Spain,1.85,Wasserman,right,2027.0
631693,Jesús Owono,Alavés,24.0,Goalkeeper,1000.0,Equatorial Guinea,1.86,Wasserman,both,2026.0
608382,Adrián Rodríguez,Alavés,24.0,Goalkeeper,100.0,Argentina,1.95,InterStarDeporte,right,2027.0
275218,Augusto Batalla,Rayo Vallecano,29.0,Goalkeeper,6000.0,Argentina,1.86,Hernan Berman,right,2025.0
397676,Dani Cárdenas,Rayo Vallecano,28.0,Goalkeeper,1800.0,Spain,1.86,Niagara Sports ...,right,2027.0
493513,Karl Hein,Real Valladolid,23.0,Goalkeeper,3000.0,Estonia,1.93,Wasserman,right,2025.0
290346,André Ferreira,Real Valladolid,28.0,Goalkeeper,800.0,Portugal,1.93,,right,2027.0
251892,Juan Soriano,CD Leganés,27.0,Goalkeeper,1200.0,Spain,1.85,RR-Soccer ...,right,2027.0
94308,Marko Dmitrovic,CD Leganés,33.0,Goalkeeper,800.0,Serbia,1.89,,left,2025.0
367464,Luís Maximiano,UD Almería,26.0,Goalkeeper,4000.0,Portugal,1.9,AS1,both,2029.0
81997,Fernando Martínez,UD Almería,34.0,Goalkeeper,400.0,Spain,1.83,,right,2025.0
379548,Jokin Ezkieta,Racing,28.0,Goalkeeper,2500.0,Spain,1.93,,right,2027.0
242301,Miquel Parera,Racing,29.0,Goalkeeper,700.0,Spain,1.82,LIAN Sports Group,right,2025.0
396337,Miguel San Román,Elche CF,27.0,Goalkeeper,600.0,Spain,1.87,,right,2025.0
144128,Matías Dituro,Elche CF,38.0,Goalkeeper,200.0,Argentina,1.91,Vibra Futbol,right,2025.0
283489,Luca Zidane,Granada CF,27.0,Goalkeeper,1500.0,France,1.83,,right,2027.0
129374,Marc Martínez,Granada CF,35.0,Goalkeeper,300.0,Spain,1.86,,right,2025.0
59349,Diego Mariño,Granada CF,35.0,Goalkeeper,300.0,Spain,1.85,,right,2025.0
284430,Aarón Escandell,Real Oviedo,29.0,Goalkeeper,1000.0,Spain,1.84,,right,2026.0
390942,Quentin Braat,Real Oviedo,27.0,Goalkeeper,500.0,France,1.94,,right,2025.0
344591,Gaëtan Poussin,Real Zaragoza,26.0,Goalkeeper,800.0,France,1.86,Kemari,right,2026.0
455363,Joan Femenías,Real Zaragoza,28.0,Goalkeeper,500.0,Spain,1.89,Goal Management,right,2026.0
246335,Rubén Yáñez,Sporting Gijón,31.0,Goalkeeper,1800.0,Spain,1.88,Niagara Sports ...,right,2026.0
531373,Christian Joel,Sporting Gijón,25.0,Goalkeeper,800.0,Cuba,1.93,,left,2026.0
57522,Andrés Fernández,Levante,38.0,Goalkeeper,300.0,Spain,1.85,,right,2025.0
537367,Alfonso Pastor,Levante,24.0,Goalkeeper,200.0,Spain,1.9,,right,2026.0
268946,José Antonio Caro,Cádiz CF,31.0,Goalkeeper,800.0,Spain,1.84,,left,2026.0
162027,David Gil,Cádiz CF,31.0,Goalkeeper,700.0,Spain,1.86,,right,2027.0
199325,Ander Cantero,Burgos CF,30.0,Goalkeeper,1000.0,Spain,1.92,,left,2027.0
88397,Tomeu Nadal,Burgos CF,36.0,Goalkeeper,200.0,Spain,1.88,,right,2025.0
175383,Helton Leite,Dep. La Coruña,34.0,Goalkeeper,900.0,Brazil,1.96,,right,2026.0
126746,Germán Parreño,Dep. La Coruña,32.0,Goalkeeper,300.0,Spain,1.91,José Vicente Simeón,right,2026.0
606848,Jonmi Magunagoitia,SD Eibar,24.0,Goalkeeper,600.0,Spain,1.83,,right,2026.0
524937,Álex Domínguez,SD Eibar,26.0,Goalkeeper,300.0,Spain,1.87,Wasserman,left,2025.0
298613,Juan Pérez,SD Huesca,28.0,Goalkeeper,600.0,Spain,1.91,,right,2026.0
126509,Dani Jiménez,SD Huesca,35.0,Goalkeeper,300.0,Spain,1.79,,right,2027.0
631049,Gonzalo Crettaz,Castellón,25.0,Goalkeeper,800.0,Argentina,1.84,Players First,right,2025.0
218431,Amir Abedzadeh,Castellón,32.0,Goalkeeper,400.0,Iran,1.86,,right,2025.0
102146,Edgar Badia,CD Tenerife,33.0,Goalkeeper,700.0,Spain,1.8,Wasserman,right,2025.0
635929,Salvi Carrasco,CD Tenerife,24.0,Goalkeeper,500.0,Spain,1.92,,"
                            Jul 1, 2024                        ",2026.0
623525,Luis López,CD Mirandés,24.0,Goalkeeper,300.0,Spain,1.97,,left,2025.0
54217,Raúl Fernández,CD Mirandés,37.0,Goalkeeper,200.0,Spain,1.95,,right,2025.0
335221,Dani Martín,Eldense,26.0,Goalkeeper,600.0,Spain,1.87,,right,2025.0
710474,Álvaro Aceves,Eldense,21.0,Goalkeeper,400.0,Spain,1.9,ROOF,right,2025.0
88917,Ian Mackay,Eldense,38.0,Goalkeeper,100.0,Spain,1.81,,right,2025.0
167228,Raúl Lizoain,Albacete,34.0,Goalkeeper,300.0,Spain,1.88,,left,2026.0
398131,Cristian Rivero,Albacete,27.0,Goalkeeper,200.0,Spain,1.88,,right,2025.0
129478,Alfonso Herrero,Málaga CF,31.0,Goalkeeper,400.0,Spain,1.83,CAA Stellar,right,2028.0
1004298,Carlos López,Málaga CF,20.0,Goalkeeper,100.0,Spain,1.84,,right,2029.0
251877,Carlos Marín,Córdoba CF,28.0,Goalkeeper,600.0,Spain,1.87,,right,2028.0
624905,Ramón Vila,Córdoba CF,23.0,Goalkeeper,200.0,Spain,1.91,,right,2027.0
617059,Pablo Cuñat,FC Cartagena,23.0,Goalkeeper,1000.0,Spain,1.88,InterStarDeporte,left,2025.0
623526,Toni Fuidias,FC Cartagena,24.0,Goalkeeper,300.0,Spain,1.95,,right,2025.0
408288,Jesús Ruiz,Racing Ferrol,28.0,Goalkeeper,500.0,Spain,1.82,LIAN Sports Group,right,2025.0
480966,Emilio Bernad,Racing Ferrol,25.0,Goalkeeper,300.0,Spain,1.84,,left,2025.0
58115,Yoel Rodríguez,Racing Ferrol,36.0,Goalkeeper,100.0,Spain,1.84,YOU FIRST,right,2025.0
